name,mu,sigma,trueskill
POWorkerRush,38.861939273926204,3.2121311873637186,29.225545711835046
POLightRush,25.754744223814487,2.2179711777256155,19.100830690637643
POHeavyRush,22.98870034666808,2.212164591404348,16.352206572455035
PORangedRush,8.881771566353699,3.3669435969510504,-1.2190592244994534
